,KS1_raw,KS2,KS3_zscore,KS4_yoy,Spread_zscore,VIX
KS1_raw,1.0,0.12586052095349978,0.015833375500331447,0.2981679303020351,0.07020531916343797,0.5588939135036219
KS2,0.12586052095349978,1.0,0.08481964204869434,0.0905494317338706,0.08593509091084839,0.13167195853400518
KS3_zscore,0.015833375500331447,0.08481964204869434,1.0,-0.023166310646439543,0.4069935525468705,0.04197671653546245
KS4_yoy,0.2981679303020351,0.0905494317338706,-0.023166310646439543,1.0,-0.03606893130448793,0.12184158783319951
Spread_zscore,0.07020531916343797,0.08593509091084839,0.4069935525468705,-0.03606893130448793,1.0,0.03183891929195819
VIX,0.5588939135036219,0.13167195853400518,0.04197671653546245,0.12184158783319951,0.03183891929195819,1.0
